{
	"controller": {
		"simplex": {
			"a": [-2.254577, 3.575249, 0.858232, 0.000000, -0.001126, -0.999996, 0.007086, 0.053910, -3.272936, -0.018478, 0.000000, 0.005579, 0.000002, -1.000000, 0.592773, -45.517468, -13.692898, 1.000000, -0.025781, -0.000001, 0.000000, -4.994461, -376.389785, -87.422045, 0.000000, -1.096607, 0.000062, 55.000000, 3.972097, 1152.766720, 268.388431, 0.000000, -1.002045, -0.000328, 0.000000, 2.570672, -6.475060, -1.420215, 0.000000, -0.000349, -0.000008, 0.000000, 0.000000, 0.000000, 0.000000, 0.000000, -0.019149, -0.000002, 0.000000],
			"b": [-2.254577, 3.575249, 0.858232, 0.000000, -0.001126, -0.999996, 0.007086, 0.053910, -3.272936, -0.018478, 0.000000, 0.005579, 0.000002, -1.000000, 0.592773, -45.517468, -13.692898, 1.000000, -0.025781, -0.000001, 0.000000, -4.994461, -376.389785, -87.422045, 0.000000, -1.096607, 0.000062, 55.000000, 3.972097, 1152.766720, 268.388431, 0.000000, -1.002045, -0.000328, 0.000000, 2.570672, -6.475060, -1.420215, 0.000000, -0.000349, -0.000008, 0.000000, 0.000000, 0.000000, 0.000000, 0.000000, -0.019149, -0.000002, 0.000000],
			"p": [0.00000002674274896224, -0.00000003537582202569, 0.00000019142648411600, 0.00000058051188260730, 0.00000786684892731304, -0.00000003019416596379, 0.00000010280609816480, -0.00000003537582202569, 0.00000009543563808840, -0.00000051999889852022, -0.00000347559060668141, -0.00001309923887811640, 0.00000003009941452895, -0.00000029112721382350, 0.00000019142648411600, -0.00000051999889852022, 0.00000324053145299545, 0.00002230844487305515, 0.00006668000834957904, -0.00000018971177709363, 0.00000162993527713394, 0.00000058051188260730, -0.00000347559060668141, 0.00002230844487305515, 0.00022299414706138351, 0.00018119890598129501, -0.00000062897362739295, 0.00001130186700311391, 0.00000786684892731304, -0.00001309923887811640, 0.00006668000834957904, 0.00018119890598129501, 0.00285146494593496854, -0.00000723797514888953, 0.00003817474295809316, -0.00000003019416596379, 0.00000003009941452895, -0.00000018971177709363, -0.00000062897362739295, -0.00000723797514888953, 0.00000004261969335754, -0.00000008896589305340, 0.00000010280609816480, -0.00000029112721382350, 0.00000162993527713394, 0.00001130186700311391, 0.00003817474295809316, -0.00000008896589305340, 0.00000189532587618914],
			"k_pitch": [0.001126, -0.005579, 0.025781, 0.096607, 1.002045, 0.000349, 0.019149],
			"safety_altitude": 2500,
			"max_pitch_target": 15,
			"min_pitch_target": -15,
			"controller_period_ms": 100,
			"controller_params" : {
				"k": [-0.327166, 2.670956, -0.104117, 0.058871, 3.828460, -0.209897, 30.587626, -1.770336, -93.675710, -17.501929, 0.527395, -3.078546],
				"elevator_trim" : -0.1706,
				"throttle_trim" : 0.5348,
				"reference_pitch" : 0.406,
				"reference_U" : 55,
				"reference_W" : 0.39,
				"input_is_climb_angle" : false,
				"cascade": {
					"roll": {
						"kp": 0.4,
						"ki": 0,
						"kd": 0,
						"imax": 0,
						"ff": 0,
						"is_angle": true
					},
					"roll_rate": {
						"kp": 0,
						"ki": 0,
						"kd": 0,
						"imax": 1.79769e+308,
						"ff": 3,
						"is_angle": true
					},
					"roll_constraint": {
						"min": -30,
						"max": 30
					},
					"roll_rate_constraint": {
						"min": -20,
						"max": 20
					},
					"pitch_constraint": {
						"min": -15,
						"max": 15
					},
					"pitch_integrator": {
						"min": -0.5,
						"max": 0.5
					},
					"velocity_integrator": {
						"min": -5,
						"max": 5
					}
				}
			}
		}
	},
	"local_planner": {
		"maneuver": {
			"period": 0,
			"safety_velocity": 10,
			"k_altitude": 1.8,
			"k_convergence": 0.005,
			"k_yaw_rate": 0.2,
			"yaw_rate_distance_threshold": 50.0
		}
	},
	"data_handling": {
		"period": 200,
		"target": "flight_control"
	},
	"data_presentation": {
		"compress_double": true
	},
	"override_handler": {},
	"override_safety": {
		"period": 10,
		"rectanguloid": {
			"major_side_length": 150000,
			"minor_side_length": 60000,
			"major_side_orientation": 0,
			"height": 10000,
			"center": [0,0,1500]
		}
	}
}
