{
	"controller": {
		"simplex": {
			"controller_params" : {
				"k": [-0.327166, 2.670956, -0.104117, 0.058871, 3.828460, -0.209897, 30.587626, -1.770336, -93.675710, -17.501929, 0.527395, -3.078546],
				"elevator_trim" : -0.1706,
				"throttle_trim" : 0.5348,
				"reference_pitch" : 0.406,
				"reference_U" : 55,
				"reference_W" : 0.39,
				"input_is_climb_angle" : false,
				"cascade": {
					"roll": {
						"kp": 0.4,
						"ki": 0,
						"kd": 0,
						"imax": 0,
						"ff": 0,
						"is_angle": true
					},
					"roll_rate": {
						"kp": 0,
						"ki": 0,
						"kd": 0,
						"imax": 1.79769e+308,
						"ff": 3,
						"is_angle": true
					},
					"roll_constraint": {
						"min": -30,
						"max": 30
					},
					"roll_rate_constraint": {
						"min": -20,
						"max": 20
					},
					"pitch_constraint": {
						"min": -90,
						"max": 90
					},
					"pitch_integrator": {
						"min": -0.5,
						"max": 0.5
					},
					"velocity_integrator": {
						"min": -5,
						"max": 5
					}
				}
			},
			"state_space_altitude_params": {
				"k": [0.001126, -0.005579, 0.025781, 0.096607, 1.002045, 0.000349, 0.019149],
				"safety_velocity": 55,
				"safety_altitude": 2438,
				"max_pitch_target": 15,
				"min_pitch_target": -15
			},
			"a": [-2.254577, 3.575249, 0.858232, 0.000000, -0.001126, -0.999996, 0.007086, 0.053910, -3.272936, -0.018478, 0.000000, 0.005579, 0.000002, -1.000000, 0.592773, -45.517468, -13.692898, 1.000000, -0.025781, -0.000001, 0.000000, -4.994461, -376.389785, -87.422045, 0.000000, -1.096607, 0.000062, 55.000000, 3.972097, 1152.766720, 268.388431, 0.000000, -1.002045, -0.000328, 0.000000, 2.570672, -6.475060, -1.420215, 0.000000, -0.000349, -0.000008, 0.000000, 0.000000, 0.000000, 0.000000, 0.000000, -0.019149, -0.000002, 0.000000],
			"b": [-2.254577, 3.575249, 0.858232, 0.000000, -0.001126, -0.999996, 0.007086, 0.053910, -3.272936, -0.018478, 0.000000, 0.005579, 0.000002, -1.000000, 0.592773, -45.517468, -13.692898, 1.000000, -0.025781, -0.000001, 0.000000, -4.994461, -376.389785, -87.422045, 0.000000, -1.096607, 0.000062, 55.000000, 3.972097, 1152.766720, 268.388431, 0.000000, -1.002045, -0.000328, 0.000000, 2.570672, -6.475060, -1.420215, 0.000000, -0.000349, -0.000008, 0.000000, 0.000000, 0.000000, 0.000000, 0.000000, -0.019149, -0.000002, 0.000000],
			"p": [0.00140279705865225006, -0.00000438842190875811, 0.00065289702947236166, 0.00299557124603954490, 0.04247205735971164992, -0.00062099627586296210, -0.00000023033678574508, -0.00000438842190875811, 0.00000044476722529875, -0.00002065602177062227, -0.00023633233906779111, -0.00070128122365731966, 0.00001093044085888055, -0.00000060524738306734, 0.00065289702947236166, -0.00002065602177062227, 0.01764399298706047919, 0.11900045227799375958, 0.18584277605633675590, -0.00110912127999958452, 0.00001396954816539140, 0.00299557124603954490, -0.00023633233906779111, 0.11900045227799375958, 6.11180332097589307239, 1.24220559294539323325, -0.00764651237455488651, 0.00042126255397919411, 0.04247205735971164992, -0.00070128122365731966, 0.18584277605633675590, 1.24220559294539323325, 17.14164201319152169845, -0.07919312746931288227, 0.00047935255631877777, -0.00062099627586296210, 0.00001093044085888055, -0.00110912127999958452, -0.00764651237455488651, -0.07919312746931288227, 0.00135187474652948133, -0.00000416668353648686, -0.00000023033678574508, -0.00000060524738306734, 0.00001396954816539140, 0.00042126255397919411, 0.00047935255631877777, -0.00000416668353648686, 0.00000194356937270354],
			"controller_period_ms": 100
		}
	},
	"local_planner": {
		"maneuver": {
			"period": 0,
			"safety_velocity": 10,
			"k_altitude": 1.8,
			"k_convergence": 0.005,
			"k_yaw_rate": 0.2,
			"yaw_rate_distance_threshold": 50.0
		}
	},
	"data_handling": {
		"period": 200,
		"target": "flight_control"
	},
	"data_presentation": {
		"compress_double": true
	},
	"override_handler": {},
	"override_safety": {
		"period": 10,
		"rectanguloid": {
			"major_side_length": 150000,
			"minor_side_length": 60000,
			"major_side_orientation": 0,
			"height": 10000,
			"center": [0,0,1500]
		}
	}
}
