{
	"controller": {
		"simplex": {
			"controller_params" : {
				"k" : [-0.332329, 2.674361, -0.098100, -0.034966, 2.801178, -2.250666, 27.164576, -9.427831, -92.507716, -11.847703, 0.348944, -3.105202],
				"elevator_trim" : -0.1706,
				"throttle_trim" : 0.5348,
				"reference_pitch" : 0.406,
				"reference_U" : 55,
				"reference_W" : 0.39,
				"input_is_climb_angle" : false,
				"cascade": {
					"roll": {
						"kp": 0.4,
						"ki": 0,
						"kd": 0,
						"imax": 0,
						"ff": 0,
						"is_angle": true
					},
					"roll_rate": {
						"kp": 0,
						"ki": 0,
						"kd": 0,
						"imax": 1.79769e+308,
						"ff": 3,
						"is_angle": true
					},
					"roll_constraint": {
						"min": -30,
						"max": 30
					},
					"roll_rate_constraint": {
						"min": -20,
						"max": 20
					},
					"pitch_constraint": {
						"min": -90,
						"max": 90
					},
					"pitch_integrator": {
						"min": -1.79769e+308,
						"max": 1.79769e+308
					},
					"velocity_integrator": {
						"min": -1.79769e+308,
						"max": 1.79769e+308
					}
				}
			},
			"a": [-0.05602549428583336, -0.39750802681744879, -0.00023499046852645, 0.00000000000000000, 0.00708603676309698, -0.30783436174870976, 2.10648957648078028, -0.38373759216006109, 0.00000000000000000, -1.00000000000000000, 0.00000000000000000, 55.00000000000000000, -3.58876133499460126, 1.00000000000000000, 0.00000000000000000, -9.80663692712920287, -0.01601255650744621, 0.00000000000000000, 0.00000000000000000, 55.00000000000000000, 0.00000000000000000, 0.00000000000000000, 0.00000000000000000, 0.00000000000000000, 0.00000000000000000],
			"b": [2.34914217571837813, -45.63388656835056878, 3.56254963339752173, 0.00000000000000000, 0.00000000000000000, 0.83975016765217902, -0.59129760798446585, 0.03596323400008027, 0.00000000000000000, 0.00000000000000000],
			"p": [0.00248474289759462, 0.00019568744328266, -0.00189763091539772, -0.01607354979230368, 0.00000228253786771, 0.00019568744328266, 0.00028203371639153, 0.00113179515639684, -0.00976610686089539, -0.00000052238489084, -0.00189763091539772, 0.00113179515639684, 0.01102253251059972, -0.02249287581377480, -0.00000573166519725, -0.01607354979230368, -0.00976610686089539, -0.02249287581377480, 0.42627513758716479, 0.00000622134458571, 0.00000228253786771, -0.00000052238489084, -0.00000573166519725, 0.00000622134458571, 0.00000100405869509],
			"k": [-0.02357230996327206, 0.02186699415258992, -0.01226091253655319, 0.00211179655815876, -0.02155338799338486, -0.01417648809288598, 0.53269497549037059, -0.18242548716201118, 0.00006868046659690, -0.00001927375137584],
			"safety_altitude": 2438,
			"max_pitch_target": 15,
			"min_pitch_target": -15,
			"controller_frequency": 100,
			"recovery_mode" : "time",
			"recovery_time": 120
		}
	},
	"local_planner": {
		"maneuver": {
			"period": 0,
			"safety_velocity": 10,
			"k_altitude": 1.8,
			"k_convergence": 0.005,
			"k_yaw_rate": 0.2,
			"yaw_rate_distance_threshold": 50.0
		}
	},
	"data_handling": {
		"period": 200,
		"target": "flight_control"
	},
	"data_presentation": {
		"compress_double": true
	},
	"override_handler": {},
	"override_safety": {
		"period": 10,
		"rectanguloid": {
			"major_side_length": 150000,
			"minor_side_length": 60000,
			"major_side_orientation": 0,
			"height": 10000,
			"center": [0,0,1500]
		}
	}
}
