{
	"controller": {
		"simplex": {
			"controller_params" : {
				"k" : [-0.332329, 2.674361, -0.098100, -0.034966, 2.801178, -2.250666, 27.164576, -9.427831, -92.507716, -11.847703, 0.348944, -3.105202],
				"elevator_trim" : -0.1706,
				"throttle_trim" : 0.5348,
				"reference_pitch" : 0.406,
				"reference_U" : 55,
				"reference_W" : 0.39,
				"input_is_climb_angle" : false,
				"cascade": {
					"roll": {
						"kp": 0.4,
						"ki": 0,
						"kd": 0,
						"imax": 0,
						"ff": 0,
						"is_angle": true
					},
					"roll_rate": {
						"kp": 0,
						"ki": 0,
						"kd": 0,
						"imax": 1.79769e+308,
						"ff": 3,
						"is_angle": true
					},
					"roll_constraint": {
						"min": -30,
						"max": 30
					},
					"roll_rate_constraint": {
						"min": -20,
						"max": 20
					},
					"pitch_constraint": {
						"min": -90,
						"max": 90
					},
					"pitch_integrator": {
						"min": -0.5,
						"max": 0.5
					},
					"velocity_integrator": {
						"min": -5,
						"max": 5
					}
				}
			},
			"state_space_altitude_params": {
				"k": [0.000507, -0.005747, -0.072742, 0.016339, 0.926334, 0.001401, 0.019156],
				"safety_velocity": 55,
				"safety_altitude": 2438,
				"max_pitch_target": 15,
				"min_pitch_target": -15
			},
			"a": [-1.521133, -13.981616, 1.087524, 0.000000, -0.000507, -0.999998, 0.007086, -0.048021, -2.390858, -0.032995, 0.000000, 0.005747, 0.000010, -1.000000, -4.690368, 181.497826, -13.487156, 1.000000, 0.072742, 0.000131, 0.000000, -65.703066, 1234.034524, -96.436096, 0.000000, -1.016338, -0.000164, 55.000000, 227.262888, -4228.492138, 329.989412, 0.000000, -0.926333, -0.001385, 0.000000, 1.787875, 14.087569, -1.131457, 0.000000, -0.001401, -0.000007, 0.000000, 0.000000, 0.000000, 0.000000, 0.000000, -0.019156, -0.000023, 0.000000],
			"b": [0.000000, 0.000000, 0.000000, 0.000000, 1.000000, 0.000000, 0.000000, 0.000000, 0.000000, 0.000000, 0.000000, 0.000000, 1.000000, 0.000000],
			"p": [0.00136665505437591093, 0.00000958083340730994, -0.00023637010553519871, -0.00323397035853652346, 0.00338741304148462707, -0.00027304910626673763, -0.00004207816657985194, 0.00000958083340730994, 0.00000064685708736141, -0.00000711219811839711, -0.00009288896228327937, -0.00016790199876613550, -0.00000146636012781928, -0.00000243865141047469, -0.00023637010553519871, -0.00000711219811839711, 0.00047513154861011665, 0.00614602410654386481, -0.01300783281954829076, -0.00010314110170745178, 0.00003595917775856147, -0.00323397035853652346, -0.00009288896228327937, 0.00614602410654386481, 0.08377947124730672490, -0.19456552089912984571, 0.00014809086936863215, 0.00045254679049045663, 0.00338741304148462707, -0.00016790199876613550, -0.01300783281954829076, -0.19456552089912984571, 0.77171382678138733535, -0.00453598665435173045, 0.00039520598914368258, -0.00027304910626673763, -0.00000146636012781928, -0.00010314110170745178, 0.00014809086936863215, -0.00453598665435173045, 0.00145531090375634301, 0.00000711130109357886, -0.00004207816657985194, -0.00000243865141047469, 0.00003595917775856147, 0.00045254679049045663, 0.00039520598914368258, 0.00000711130109357886, 0.00001058195560913071],
			"controller_frequency": 100,
			"recovery_mode" : "time",
			"recovery_time": 25
		}
	},
	"local_planner": {
		"maneuver": {
			"period": 0,
			"safety_velocity": 10,
			"k_altitude": 1.8,
			"k_convergence": 0.005,
			"k_yaw_rate": 0.2,
			"yaw_rate_distance_threshold": 50.0
		}
	},
	"data_handling": {
		"period": 200,
		"target": "flight_control"
	},
	"data_presentation": {
		"compress_double": true
	},
	"override_handler": {},
	"override_safety": {
		"period": 10,
		"rectanguloid": {
			"major_side_length": 150000,
			"minor_side_length": 60000,
			"major_side_orientation": 0,
			"height": 10000,
			"center": [0,0,1500]
		}
	}
}
