{
	"controller": {
		"simplex": {
			"a": [-2.254577, 3.575249, 0.858232, 0.000000, -0.001126, -0.999996, 0.007086, 0.053910, -3.272936, -0.018478, 0.000000, 0.005579, 0.000002, -1.000000, 0.592773, -45.517468, -13.692898, 1.000000, -0.025781, -0.000001, 0.000000, -4.994461, -376.389785, -87.422045, 0.000000, -1.096607, 0.000062, 55.000000, 3.972097, 1152.766720, 268.388431, 0.000000, -1.002045, -0.000328, 0.000000, 2.570672, -6.475060, -1.420215, 0.000000, -0.000349, -0.000008, 0.000000, 0.000000, 0.000000, 0.000000, 0.000000, -0.019149, -0.000002, 0.000000],
			"b": [-2.254577, 3.575249, 0.858232, 0.000000, -0.001126, -0.999996, 0.007086, 0.053910, -3.272936, -0.018478, 0.000000, 0.005579, 0.000002, -1.000000, 0.592773, -45.517468, -13.692898, 1.000000, -0.025781, -0.000001, 0.000000, -4.994461, -376.389785, -87.422045, 0.000000, -1.096607, 0.000062, 55.000000, 3.972097, 1152.766720, 268.388431, 0.000000, -1.002045, -0.000328, 0.000000, 2.570672, -6.475060, -1.420215, 0.000000, -0.000349, -0.000008, 0.000000, 0.000000, 0.000000, 0.000000, 0.000000, -0.019149, -0.000002, 0.000000],
			"p": [0.00018975907803878999, -0.00000270597385945574, 0.00069624064834672525, -0.00080615842915506973, 0.05861991824128077316, -0.00029376105857638573, 0.00000096655730612173, -0.00000270597385945574, 0.00000041163999621611, -0.00002310873593304212, -0.00017360119600219490, -0.00081746382070039690, 0.00000450190094133343, -0.00000058854553082816, 0.00069624064834672525, -0.00002310873593304212, 0.02066333569195208386, 0.11497291872926002076, 0.20163369912655881855, -0.00122761411051970984, 0.00001241551394179164, -0.00080615842915506973, -0.00017360119600219490, 0.11497291872926002076, 6.13529853034387784305, -0.52338371302225950021, -0.00031513290649830055, 0.00032871426198309675, 0.05861991824128077316, -0.00081746382070039690, 0.20163369912655881855, -0.52338371302225950021, 18.85638680420384716285, -0.08956661619922956508, 0.00034155151166364607, -0.00029376105857638573, 0.00000450190094133343, -0.00122761411051970984, -0.00031513290649830055, -0.08956661619922956508, 0.00046269821000710344, -0.00000141454887166182, 0.00000096655730612173, -0.00000058854553082816, 0.00001241551394179164, 0.00032871426198309675, 0.00034155151166364607, -0.00000141454887166182, 0.00000193691608326703],
			"k_pitch": [0.008070, -0.000098, 0.030161, 0.219337, 2.925086, -0.011307, 0.000116],
			"safety_altitude": 2438,
			"max_pitch_target": 90,
			"min_pitch_target": -90,
			"controller_period_ms": 100,
			"controller_params" : {
				"k": [-0.327166, 2.670956, -0.104117, 0.058871, 3.828460, -0.209897, 30.587626, -1.770336, -93.675710, -17.501929, 0.527395, -3.078546],
				"elevator_trim" : -0.1706,
				"throttle_trim" : 0.5348,
				"reference_pitch" : 0.406,
				"reference_U" : 55,
				"reference_W" : 0.39,
				"input_is_climb_angle" : false,
				"cascade": {
					"roll": {
						"kp": 0.4,
						"ki": 0,
						"kd": 0,
						"imax": 0,
						"ff": 0,
						"is_angle": true
					},
					"roll_rate": {
						"kp": 0,
						"ki": 0,
						"kd": 0,
						"imax": 1.79769e+308,
						"ff": 3,
						"is_angle": true
					},
					"roll_constraint": {
						"min": -30,
						"max": 30
					},
					"roll_rate_constraint": {
						"min": -20,
						"max": 20
					},
					"pitch_constraint": {
						"min": -90,
						"max": 90
					},
					"pitch_integrator": {
						"min": -0.5,
						"max": 0.5
					},
					"velocity_integrator": {
						"min": -5,
						"max": 5
					}
				}
			}
		}
	},
	"local_planner": {
		"maneuver": {
			"period": 0,
			"safety_velocity": 10,
			"k_altitude": 1.8,
			"k_convergence": 0.005,
			"k_yaw_rate": 0.2,
			"yaw_rate_distance_threshold": 50.0
		}
	},
	"data_handling": {
		"period": 200,
		"target": "flight_control"
	},
	"data_presentation": {
		"compress_double": true
	},
	"override_handler": {},
	"override_safety": {
		"period": 10,
		"rectanguloid": {
			"major_side_length": 150000,
			"minor_side_length": 60000,
			"major_side_orientation": 0,
			"height": 10000,
			"center": [0,0,1500]
		}
	}
}
