{
	"controller": {
		"simplex": {
			"controller_params" : {
				"k" : [-0.26781720184175772, 2.59666177097060924, -0.11919377996334074, -0.01709267929235643, 4.76868434238169314, 3.02359079331181047, 32.36059923115244885, 5.33099978651414652, -92.63050024703254337, -21.14898725331925533, 0.63388117253892273, -3.05490445841476532],
				"elevator_trim" : -0.1706,
				"throttle_trim" : 0.5348,
				"reference_pitch" : 0.406,
				"reference_U" : 55,
				"reference_W" : 0.39,
				"input_is_climb_angle" : false,
				"cascade": {
					"roll": {
						"kp": 0.4,
						"ki": 0,
						"kd": 0,
						"imax": 0,
						"ff": 0,
						"is_angle": true
					},
					"roll_rate": {
						"kp": 0,
						"ki": 0,
						"kd": 0,
						"imax": 1.79769e+308,
						"ff": 3,
						"is_angle": true
					},
					"roll_constraint": {
						"min": -30,
						"max": 30
					},
					"roll_rate_constraint": {
						"min": -20,
						"max": 20
					},
					"pitch_constraint": {
						"min": -90,
						"max": 90
					},
					"pitch_integrator": {
						"min": -0.5,
						"max": 0.5
					},
					"velocity_integrator": {
						"min": -5,
						"max": 5
					}
				}
			},
			"a": [0.99948389746247823, -0.00559047826478230, -0.00007200753143789, -0.00000037132342603, 0.00009878696856611, 0.00256923942364132, 0.97951475690295975, -0.00229229327367043, -0.00001151449868757, -0.00990007025927513, 0.00021821943453479, 0.54247675345263635, 0.99231223602001539, 0.00996256642597179, 0.00001839885880456, -0.09804138568724573, 0.00011623802789313, 0.00000382581058247, 1.00000001293894059, 0.55001023341521127, 0.00000000000000000, 0.00000000000000000, 0.00000000000000000, 0.00000000000000000, 1.00000000000000000],
			"b": [-0.02091442220037269, -0.18990713780028426, 0.01601857389780730, 0.00007981824038577, 0.00097399472930270, 0.00852875995383646, -0.00002389964178390, -0.00000031677420536, -0.00000000107199240, 0.00000038180235106],
			"p": [0.00213752347444595, 0.00019065102650650, -0.00088866659744767, -0.01291865640546095, 0.00000289341979432, 0.00019065102650650, 0.00011333495701418, -0.00087703684245392, -0.00715977245605239, -0.00000041963778123, -0.00088866659744767, -0.00087703684245392, 0.00743856743055548, 0.05535856027122470, 0.00000456024069679, -0.01291865640546095, -0.00715977245605239, 0.05535856027122470, 0.45641029760829305, 0.00002894982690824, 0.00000289341979432, -0.00000041963778123, 0.00000456024069679, 0.00002894982690824, 0.00000101344413680],
			"k": [-0.02567746907336056, 0.01983778037056984, -0.00827009116363305, 0.00319788507596412, 0.05980631140789907, -0.01816308201761474, 0.53188738307051864, -0.20731339303947668, 0.00007070662082769, -0.00003701378796794],
			"safety_altitude": 2438,
			"controller_frequency": 100,
			"recovery_mode" : "time",
			"recovery_time": 120
		}
	},
	"local_planner": {
		"maneuver": {
			"period": 0,
			"safety_velocity": 10,
			"k_altitude": 1.8,
			"k_convergence": 0.005,
			"k_yaw_rate": 0.2,
			"yaw_rate_distance_threshold": 50.0
		}
	},
	"data_handling": {
		"period": 200,
		"target": "flight_control"
	},
	"data_presentation": {
		"compress_double": true
	},
	"override_handler": {},
	"override_safety": {
		"period": 10,
		"rectanguloid": {
			"major_side_length": 150000,
			"minor_side_length": 60000,
			"major_side_orientation": 0,
			"height": 10000,
			"center": [0,0,1500]
		}
	}
}
