{
	"controller": {
		"rslqr_controller": {
			"k_sched": {
				"regions": [
					{
						"u": 1.992684e+01,
						"phi_rad": -7.006503e-01,
						"k": [-1.547543e-02, 9.808706e-02, -3.453961e-03, -8.034361e-03, 6.275416e+00, 1.262826e+00, 1.190780e+00, 2.480315e+00, 1.106993e-01, -5.570100e-03, 3.053853e-02, -2.925896e-01, -1.425754e+00, 4.192972e-02, 6.688631e+00, 1.992871e-01, 1.801351e-02, 1.620247e-01, -3.002806e-03, -7.631088e-03, -9.218844e-02, 1.434991e-02, -9.662363e-03, -1.873849e-02, 6.545687e-02, -2.057477e-04, 5.670465e-03, 1.492354e-02, 4.341025e+00, -2.641810e-01, 5.204323e-01, 9.059210e-01, 1.201641e-01, -7.285986e-03, 2.317736e-02, 1.109073e-03, 2.596225e-03, -1.288273e-04, 6.461011e-02, 1.681386e-03, 9.273367e-02, -5.011348e-03, 1.415055e-02, 1.636336e-01, 1.899817e-02, 4.825489e-04, 2.279608e+00, 1.504110e-01]
					},
					{
						"u": 1.995303e+01,
						"phi_rad": -3.489906e-01,
						"k": [-1.751696e-02, 9.805032e-02, -1.356789e-03, -3.829151e-03, 6.717369e+00, 1.282919e+00, 4.983313e-01, 1.217729e+00, 5.490220e-02, -2.075193e-03, 1.906851e-02, -3.090251e-01, -5.939613e-01, 7.012994e-03, 6.802219e+00, 3.369962e-01, 1.621352e-02, 1.620205e-01, -1.193145e-03, -3.627406e-03, -1.059661e-01, 1.439313e-02, -4.605811e-03, -1.037229e-02, 7.670977e-02, -3.015245e-04, 2.696443e-03, 8.537591e-03, 4.129305e+00, -2.198694e-01, 2.054918e-01, 4.025518e-01, 5.934529e-02, -3.132720e-03, 1.060872e-02, -1.491497e-02, 1.273817e-03, -5.390716e-05, 6.402255e-02, 1.108241e-03, 5.150872e-02, -2.520993e-03, 6.898360e-03, 1.367175e-01, 1.219368e-02, 7.616325e-05, 2.267323e+00, 1.288287e-01]
					},
					{
						"u": 1.995926e+01,
						"phi_rad": 9.181459e-06,
						"k": [-1.809529e-02, 9.802886e-02, -7.150332e-06, 2.500658e-04, 6.841652e+00, 1.291892e+00, 2.570824e-03, -1.929510e-02, -9.755043e-04, 6.130076e-04, 1.645520e-02, -3.140426e-01, -1.551163e-03, -6.977990e-04, 6.825007e+00, 3.756201e-01, 1.563672e-02, 1.620112e-01, -1.829822e-06, 4.581033e-04, -1.102868e-01, 1.437084e-02, -5.909507e-05, -7.715561e-05, 8.032815e-02, -3.031836e-04, 2.240226e-05, 9.636801e-05, 4.070809e+00, -2.071119e-01, -3.779032e-04, -3.359393e-02, -2.055457e-04, 4.481104e-05, 7.857581e-03, -1.950414e-02, 1.016171e-05, -3.249387e-06, 6.388885e-02, 1.036321e-03, 4.646253e-04, -2.613696e-04, 6.233178e-03, 1.273812e-01, 9.464126e-04, -3.092070e-04, 2.264914e+00, 1.251159e-01]
					},
					{
						"u": 1.995382e+01,
						"phi_rad": 3.505935e-01,
						"k": [-1.752534e-02, 9.802640e-02, 1.353373e-03, 4.378629e-03, 6.706438e+00, 1.290800e+00, -4.968808e-01, -1.272308e+00, -5.762747e-02, 3.285256e-03, 1.854405e-02, -3.085388e-01, 5.932278e-01, -7.980446e-03, 6.803044e+00, 3.199413e-01, 1.617422e-02, 1.620020e-01, 1.204971e-03, 4.594719e-03, -1.056110e-01, 1.430588e-02, 4.514469e-03, 1.021727e-02, 7.635287e-02, -2.278841e-04, -2.690505e-03, -8.335121e-03, 4.146152e+00, -2.175801e-01, -2.088647e-01, -4.801833e-01, -6.037017e-02, 3.212027e-03, 1.062581e-02, -1.370969e-02, -1.269290e-03, 4.707658e-05, 6.402665e-02, 1.136573e-03, -5.063695e-02, 1.946956e-03, 7.187451e-03, 1.376396e-01, -1.018864e-02, -7.313075e-04, 2.267603e+00, 1.290450e-01]
					},
					{
						"u": 1.992858e+01,
						"phi_rad": 6.981238e-01,
						"k": [-1.547733e-02, 9.803838e-02, 3.458051e-03, 8.613509e-03, 6.245997e+00, 1.279117e+00, -1.190354e+00, -2.548201e+00, -1.142615e-01, 6.648040e-03, 2.942096e-02, -2.912869e-01, 1.418290e+00, -4.111754e-02, 6.691198e+00, 1.580489e-01, 1.793557e-02, 1.619904e-01, 3.041192e-03, 8.642112e-03, -9.160880e-02, 1.418812e-02, 9.517698e-03, 1.829980e-02, 6.489083e-02, -7.339010e-05, -5.681860e-03, -1.447509e-02, 4.367774e+00, -2.586701e-01, -5.277817e-01, -1.004618e+00, -1.213267e-01, 7.233467e-03, 2.320099e-02, 3.898174e-03, -2.593999e-03, 1.171908e-04, 6.461418e-02, 1.746439e-03, -9.070442e-02, 4.235381e-03, 1.483607e-02, 1.654615e-01, -1.609775e-02, -1.305600e-03, 2.280079e+00, 1.506847e-01]
					}
				],
				"u_stddev": 2,
				"phi_stddev": 0.174533
			},
			"elevator_params": {
				"min": -1,
				"max": 1,
				"initial": 0.36749821440099206
			},
			"throttle_params": {
				"min": -1,
				"max": 1,
				"initial": -0.48589201718311287
			},
			"aileron_params": {
				"min": -1,
				"max": 1,
				"initial": 0.006927637640779975
			},
			"rudder_params": {
				"min": -1,
				"max": 1,
				"initial": 0
			}
		}
	},
	"local_planner": {
		"rslqr_planner": {
			"k_sched": {
				"regions": [
					{
						"u": 1.992684e+01,
						"phi_rad": -7.006503e-01,
						"k": [2.952919e+00, 7.469174e-01, -7.598849e-01, 3.032419e+00, 1.060781e-02, 3.866470e-04, -7.159532e+00, -1.014558e+00, -1.589854e-01, 1.284146e-01, -1.008502e+00, -2.483488e+00, 9.635192e-02, 2.645899e-02, -2.872247e-01, -6.180900e-02, 1.163105e-01, 1.927140e-02, 1.029605e+01, 5.195253e+00, 2.701530e-01, 2.812438e-01, 1.426684e-02, 6.700578e-03, 4.508779e-02, 1.053502e-01, 3.069539e-01, 4.347582e-03, 2.207872e+00, 5.898224e-01, -8.730369e-01, 3.605827e+00]
					},
					{
						"u": 1.995303e+01,
						"phi_rad": -3.489906e-01,
						"k": [3.024688e+00, 3.295267e-01, -3.355087e-01, 3.114509e+00, 1.229594e-02, -1.423264e-04, -7.529723e+00, -4.955747e-01, -8.356568e-02, 1.753614e-01, -4.924766e-01, -1.922316e+00, 1.011901e-01, 1.314170e-02, -3.301625e-01, -3.297312e-02, 1.276574e-01, 1.006644e-02, 1.000118e+01, 2.508504e+00, 1.359976e-01, 2.309983e-01, 6.469223e-03, 3.274349e-03, 1.664026e-02, 9.263568e-02, 1.224974e-01, -8.586263e-02, 2.183731e+00, 2.574189e-01, -4.527480e-01, 4.378729e+00]
					},
					{
						"u": 1.995926e+01,
						"phi_rad": 9.181459e-06,
						"k": [3.040879e+00, 6.027394e-02, -6.082318e-02, 3.133682e+00, 1.236129e-02, 3.596737e-04, -7.639933e+00, -7.540706e-02, -3.407019e-03, 1.919846e-01, -7.443887e-02, -1.771903e+00, 1.077758e-01, 1.443404e-03, -3.422023e-01, -5.156256e-03, 1.303405e-01, 2.038791e-03, 9.860724e+00, 1.257483e-01, -4.541399e-03, 2.172249e-01, 3.675483e-04, 2.426490e-03, -2.105052e-03, 8.958599e-02, 1.873565e-02, -1.066059e-01, 2.168868e+00, 3.497623e-02, -9.822128e-02, 4.659844e+00]
					},
					{
						"u": 1.995382e+01,
						"phi_rad": 3.505935e-01,
						"k": [3.035177e+00, -2.132635e-01, 2.181928e-01, 3.124983e+00, 1.225674e-02, 8.197062e-04, -7.543930e+00, 3.546031e-01, 7.824262e-02, 1.777192e-01, 3.533058e-01, -1.899318e+00, 1.019526e-01, -1.058235e-02, -3.321241e-01, 2.346195e-02, 1.281911e-01, -6.215861e-03, 1.013518e+01, -2.278228e+00, -1.465858e-01, 2.281433e-01, -5.799157e-03, 3.027319e-03, -2.149762e-02, 9.230142e-02, -8.631695e-02, -9.307656e-02, 2.197061e+00, -1.901656e-01, 2.718930e-01, 4.391961e+00]
					},
					{
						"u": 1.992858e+01,
						"phi_rad": 6.981238e-01,
						"k": [2.986537e+00, -5.990375e-01, 6.106781e-01, 3.066250e+00, 1.054657e-02, 2.413517e-04, -7.208794e+00, 8.570867e-01, 1.541118e-01, 1.348266e-01, 8.530821e-01, -2.409021e+00, 9.832328e-02, -2.358264e-02, -2.928719e-01, 5.177795e-02, 1.180096e-01, -1.500052e-02, 1.066712e+01, -4.901666e+00, -2.868438e-01, 2.746559e-01, -1.353705e-02, 5.945353e-03, -5.287371e-02, 1.043718e-01, -2.630757e-01, -2.000473e-02, 2.246906e+00, -5.043612e-01, 6.764467e-01, 3.658993e+00]
					}
				],
				"u_stddev": 2,
				"phi_stddev": 0.174533
			},
			"k_convergence": 0.01,
			"safety_velocity": 20,
			"pitch_target_params_rad": {
				"min": -1.0472,
				"max": 1.0472,
				"initial": 0.04183938913580468
			},
			"roll_target_params_rad": {
				"min": -1.0472,
				"max": 1.0472,
				"initial": 0
			}
		}
	},
	"data_handling": {
		"period": 200,
		"target": "flight_control"
	},
	"data_presentation": {
		"compress_double": true
	},
	"override_handler": {},
	"override_safety": {
		"period": 10,
		"rectanguloid": {
			"major_side_length": 150000,
			"minor_side_length": 60000,
			"major_side_orientation": 0,
			"height": 10000,
			"center": [
				0,
				0,
				1500
			]
		}
	}
}
