{
	"controller": {
		"rslqr_controller": {
			"k_sched": {
				"regions": [
					{
						"setpoint": {
							"u": 1.995926e+01,
							"phi_rad": 9.181459e-06
						},
						"k": [-1.809529e-02, 9.802886e-02, -7.150332e-06, 2.500658e-04, 6.841652e+00, 1.291892e+00, 2.570824e-03, -1.929510e-02, -9.755043e-04, 6.130076e-04, 1.645520e-02, -3.140426e-01, -1.551163e-03, -6.977990e-04, 6.825007e+00, 3.756201e-01, 1.563672e-02, 1.620112e-01, -1.829822e-06, 4.581033e-04, -1.102868e-01, 1.437084e-02, -5.909507e-05, -7.715561e-05, 8.032815e-02, -3.031836e-04, 2.240226e-05, 9.636801e-05, 4.070809e+00, -2.071119e-01, -3.779032e-04, -3.359393e-02, -2.055457e-04, 4.481104e-05, 7.857581e-03, -1.950414e-02, 1.016171e-05, -3.249387e-06, 6.388885e-02, 1.036321e-03, 4.646253e-04, -2.613696e-04, 6.233178e-03, 1.273812e-01, 9.464126e-04, -3.092070e-04, 2.264914e+00, 1.251159e-01]
					}
				],
				"interpolation_stddev": {
					"u": 3,
					"phi_rad": 0.1
				}
			},
			"elevator_params": {
				"min": -1,
				"max": 1,
				"initial": 0.36749821440099206
			},
			"throttle_params": {
				"min": -1,
				"max": 1,
				"initial": -0.48589201718311287
			},
			"aileron_params": {
				"min": -1,
				"max": 1,
				"initial": 0.006927637640779975
			},
			"rudder_params": {
				"min": -1,
				"max": 1,
				"initial": 0
			}
		}
	},
	"local_planner": {
		"rslqr_planner": {
			"k_sched": {
				"regions": [
					{
						"setpoint": {
							"u": 1.995926e+01,
							"phi_rad": 9.181459e-06
						},
						"k": [3.040879e+00, 6.027394e-02, -6.082318e-02, 3.133682e+00, 1.236129e-02, 3.596737e-04, -7.639933e+00, -7.540706e-02, -3.407019e-03, 1.919846e-01, -7.443887e-02, -1.771903e+00, 1.077758e-01, 1.443404e-03, -3.422023e-01, -5.156256e-03, 1.303405e-01, 2.038791e-03, 9.860724e+00, 1.257483e-01, -4.541399e-03, 2.172249e-01, 3.675483e-04, 2.426490e-03, -2.105052e-03, 8.958599e-02, 1.873565e-02, -1.066059e-01, 2.168868e+00, 3.497623e-02, -9.822128e-02, 4.659844e+00]
					}
				],
				"interpolation_stddev": {
					"u": 2,
					"phi_rad": 0.1
				}
			},
			"k_convergence": 0.01,
			"safety_velocity": 20,
			"pitch_target_params_rad": {
				"min": -1.0472,
				"max": 1.0472,
				"initial": 0.04183938913580468
			},
			"roll_target_params_rad": {
				"min": -1.0472,
				"max": 1.0472,
				"initial": 0
			}
		}
	},
	"data_handling": {
		"period": 200,
		"target": "flight_control"
	},
	"data_presentation": {
		"compress_double": true
	},
	"override_handler": {},
	"override_safety": {
		"period": 10,
		"rectanguloid": {
			"major_side_length": 150000,
			"minor_side_length": 60000,
			"major_side_orientation": 0,
			"height": 10000,
			"center": [
				0, 0, 1500
			]
		}
	}
}
