{
	"controller": {
		"rslqr_controller": {
			"k_sched": {
				"regions": [
					{
						"u": 19.953032053005206,
						"phi_rad": -0.3489905938601243,
						"k": [-0.06039695497792861, 0.30756588099141691, -0.00559716550895738, -0.02071937727794723, 9.38629258583933890, 2.04336425939541311, 0.65418287896439065, 1.92991979665693014, 0.06329353835682493, -0.00798731581604137, 0.02018772939976700, -0.30722420034754161, -0.58127766476437448, 0.04126611907675087, 6.80234795196643738, 0.35065096921671984, -0.01624926061708381, 0.33334717197549929, -0.00445431948901639, -0.01455309500125820, -0.12471757331360118, 0.03462110620230782, -0.00649007503308229, -0.01498118739875391, 0.09210095116856437, -0.00506587319699266, 0.00402583315451186, 0.01238653119876184, 4.92812664005680556, -0.67215127906780092, 0.27763841146795842, 0.60020350118241639, 0.06752202944850734, -0.00926944866037881, 0.01171165850144174, -0.01320477862371172, 0.00188284670750630, -0.00019497443641297, 0.06411292640275520, 0.00124957172092334, 0.07131512322331479, -0.00824775949870754, 0.00838301964704015, 0.14302421698296949, 0.03796541998378208, -0.00162981830331358, 2.27037744391100027, 0.13623047833849028]
					},
					{
						"u": 19.959257032508475,
						"phi_rad": 9.181458768148854e-06,
						"k": [-0.06440691694160473, 0.30749916329858690, -0.00005355677124103, 0.00050428584149955, 9.59639352036159110, 2.06975167628700962, 0.00421761101260629, -0.02086394634545750, -0.00073727886283755, 0.00035243375144103, 0.01645530451293355, -0.31404370685857191, -0.00241358674197762, 0.00016386991408527, 6.82500645152799823, 0.37562361408009681, -0.01893415729903289, 0.33330024801448754, -0.00003139358470492, 0.00072305085321354, -0.13036044833657062, 0.03477141824011317, -0.00007183719126835, -0.00001536782569037, 0.09697346339317039, -0.00523319014248649, 0.00003265358397948, 0.00006497878966754, 4.88595690783346104, -0.64167929329324946, 0.00012654628223139, -0.03544198843848510, -0.00018983159902708, 0.00003200156827898, 0.00785758886022000, -0.01950419450053682, 0.00001351429987785, -0.00000373848921238, 0.06388885542049748, 0.00103631765925964, 0.00033475599151747, -0.00015394258006859, 0.00623311233795073, 0.12738170758182024, 0.00100440197302371, -0.00026505191156934, 2.26491432334442067, 0.12511609271595642]
					},
					{
						"u": 19.95381890836157,
						"phi_rad": 0.35059347490313253,
						"k": [-0.05903086747238335, 0.30734617914355655, 0.00549547467643706, 0.02705743747434910, 9.31378416595592284, 2.05572668467428610, -0.65376720556484669, -2.24982408781020249, -0.02378285241988324, 0.00387221962617696, 0.00373842462776741, -0.09678104986207704, 0.54693445853231937, -0.03701345634358701, 6.81292730939071234, 0.13890115686310461, -0.01534167839876219, 0.33319391264582454, 0.00440192897637410, 0.02017295532409572, -0.12294974377157412, 0.03436420639615096, 0.00634285361052520, 0.02024729578657545, 0.09072659583442474, -0.00486611657693696, -0.00396636518382745, -0.01584115788576169, 4.90802067146615162, -0.66759703096655032, -0.28112288278040132, -0.85724513000722613, -0.06599683604960399, 0.00908101000650053, 0.00928003817280113, 0.00473271401667338, -0.00193823332794424, 0.00019392938179328, 0.06395857481908722, 0.00135309843667800, -0.08662598744622592, 0.00977320401122376, 0.01440205973364575, 0.06103309373356527, -0.04916488511842145, 0.00253619795187091, 2.27021169152065028, 0.07779843524911581]
					}
				],
				"u_stddev": 2,
				"phi_stddev": 0.174533
			},
			"elevator_params": {
				"min": -1,
				"max": 1,
				"initial": 0.36749821440099206
			},
			"throttle_params": {
				"min": -1,
				"max": 1,
				"initial": -0.48589201718311287
			},
			"aileron_params": {
				"min": -1,
				"max": 1,
				"initial": 0.006927637640779975
			},
			"rudder_params": {
				"min": -1,
				"max": 1,
				"initial": 0
			}
		}
	},
	"local_planner": {
		"rslqr_planner": {
			"k_sched": {
				"regions": [
					{
						"u": 19.953032053005206,
						"phi_rad": -0.3489905938601243,
						"k": [0.30842111866789212, 0.04067225710256495, -0.40655473723101965, 3.10602764740370407, 0.00611658287119925, 0.00042068537002801, -3.24999155282464969, -0.08545881836489418, -0.04095393928577845, 0.17930064212759037, -0.08376158300897013, -1.88054911086806742, 0.03172748568930722, 0.00671308445449536, -0.05628687018529304, -0.00573707773992065, 0.01848101368382655, -0.00073127373849355, 1.50153872371649255, 1.66148468421148521, 0.01126782593819350, 0.21827289869713776, 0.00051716271283742, 0.00267584686198142, -0.01170932182805051, 0.08970562199580422, 0.00278301140656017, -0.09777974797889459, 0.36323578227987519, 0.07286787318960836, -0.32603039070056744, 4.38488702255687812]
					},
					{
						"u": 19.959257032508475,
						"phi_rad": 9.181458768148854e-06,
						"k": [0.31108461262916065, 0.00192732448151235, -0.01933615632359123, 3.13422092905132965, 0.00658127913317286, 0.00054823502714485, -3.24903797057955801, -0.00655315129247536, -0.00177663068443717, 0.19200624882517942, -0.00656579305982772, -1.77071445801504912, 0.03371702130049987, 0.00054685037565143, -0.05735506901717611, -0.00005227027098746, 0.01787027007142676, 0.00006177861960094, 1.52383382340981588, -0.02328815971256784, -0.00213187762311880, 0.21725713518367018, 0.00002478088977544, 0.00241944790854666, -0.00062532660203317, 0.08960519047666314, 0.00312179658231599, -0.10691505829180112, 0.36170074338813596, 0.00064396140655327, -0.04460317377478834, 4.66056324427619550]
					},
					{
						"u": 19.95381890836157,
						"phi_rad": 0.35059347490313253,
						"k": [0.30919908580402039, -0.03440884388048625, 0.34415430988516305, 3.11384000590754706, 0.00535464243873880, -0.00323694613437382, -3.23774775219566635, 0.07898623549271258, 0.01597982466072174, 0.08523632038056354, 0.07748202324922950, -1.86474379527604661, 0.03141223786462018, -0.00796215183348844, -0.05737024997144340, 0.00103915227747848, 0.01903064081284287, 0.00336422874611388, 1.55439365065785751, -1.61371560868912067, -0.01642667724464913, 0.21760206715175878, -0.00045319031234638, 0.00280404593736953, 0.01827038610188311, 0.12739684889727859, 0.00874336631614062, -0.07383750270736143, 0.36568894120678208, -0.06516415282715254, 0.25281471091690622, 4.48578093037248049]
					}
				],
				"u_stddev": 2,
				"phi_stddev": 0.174533
			},
			"k_convergence": 0.01,
			"safety_velocity": 20,
			"pitch_target_params_rad": {
				"min": -0.785398163,
				"max": 0.785398163,
				"initial": 0.04183938913580468
			},
			"roll_target_params_rad": {
				"min": -0.785398163,
				"max": 0.785398163,
				"initial": 0
			}
		}
	},
	"data_handling": {
		"period": 200,
		"target": "flight_control"
	},
	"data_presentation": {
		"compress_double": true
	},
	"override_handler": {},
	"override_safety": {
		"period": 10,
		"rectanguloid": {
			"major_side_length": 150000,
			"minor_side_length": 60000,
			"major_side_orientation": 0,
			"height": 10000,
			"center": [
				0,
				0,
				1500
			]
		}
	}
}
