{
	"controller": {
		"rslqr_controller": {
			"k": [-0.06919531876864206, 0.26272425474761180, -0.03384509808783927, -0.15236105627124397, 9.43407304116734657, 1.59102789511241238, -0.26177801804137379, -1.68761087163973156, -0.01840288480988217, -0.14328853135601963, 0.10003779174014128, -0.26122081070139247, 0.15110104388274781, 1.85987853840529804, 6.40933442500336792, 1.58514175869376794, -0.01894102214847380, 0.21835677599104975, -0.03505120534986030, -0.22105358432704347, -0.18859532710802651, 0.07583253339666721, -0.02013359177771691, 0.02156225720724678, 0.14313761381812568, -0.00962100218319218, 0.00303470885383034, -0.00057625324225734, 3.63523233086120756, -0.07280973971816600, 0.03050978869071599, 0.04306532941710838, -0.00549701246562431, -0.25215896921533248, 0.07715952024715102, -0.12172221845385128, 0.00035956995861198, -0.00247477137557630, 0.06360940378882489, 0.00232847070654470, 0.00936747035952775, -0.10745270794316406, 0.03748500224290965, 0.05324907495572552, 0.01928455047092933, -0.15074331504465521, 2.31453051137347421, 0.11320459137094938],
			"elevator_params": {
				"min": -1,
				"max": 1,
				"initial": 0.36749821440099206
			},
			"throttle_params": {
				"min": -1,
				"max": 1,
				"initial": -0.48589201718311287
			},
			"aileron_params": {
				"min": -1,
				"max": 1,
				"initial": 0.006927637640779975
			},
			"rudder_params": {
				"min": -1,
				"max": 1,
				"initial": 0
			}
		}
	},
	"local_planner": {
		"rslqr_planner": {
			"k": [0.26269414794123574, 0.16616518020285781, -1.63945192908491033, 2.59772917958829419, -0.08280153231354179, 0.27371852036901695, -4.16005545238071139, 1.08531760637386299, -0.17052072401169724, 0.55179633021545349, 1.08867469990369514, -4.97205138422527693, -0.13248570059645765, 0.50963867803466889, -0.00009656249665258, -0.18661170605568558, 0.01294957814116486, 0.02454827824487626, 0.46112857141312352, 0.11466627468006957, -0.26913661126251520, 0.82278174674346516, -0.00426842967561658, 0.01043375037239908, -0.29449732517606697, 0.64648333080435028, -0.32219361808691022, 0.74020472278985472, 0.23673066540773843, 0.18988185474100089, -1.38253197614767309, 2.83380647526091334],
			"k_convergence": 0.01,
			"safety_velocity": 20,
			"pitch_target_params_rad": {
				"min": -0.785398163,
				"max": 0.785398163,
				"initial": 0.04183938913580468
			},
			"roll_target_params_rad": {
				"min": -0.785398163,
				"max": 0.785398163,
				"initial": 0
			}
		}
	},
	"data_handling": {
		"period": 200,
		"target": "flight_control"
	},
	"data_presentation": {
		"compress_double": true
	},
	"override_handler": {},
	"override_safety": {
		"period": 10,
		"rectanguloid": {
			"major_side_length": 150000,
			"minor_side_length": 60000,
			"major_side_orientation": 0,
			"height": 10000,
			"center": [
				0,
				0,
				1500
			]
		}
	}
}
