{
	"controller": {
		"rslqr_controller": {
			"k": [-0.08999296531766127, 0.29969973718174864, -0.00000000000002033, -0.00000000000002282, 6.50004720531134073, 2.08822825355157393, -0.00000000000012570, 0.00000000000000677, 0.00000000000000168, 0.00000000000000253, 0.00613790488773644, -0.09969648123579776, 0.00000000000032866, -0.00000000000006565, 6.77289756007460841, 0.43168462418669906, -0.03283921748187840, 0.27714475431586538, 0.00000000000000409, -0.00000000000000197, -0.17343576774049035, 0.03004406544217126, -0.00000000000001208, -0.00000000000000016, 0.14883326881934467, -0.00577922254378594, 0.00000000000000644, 0.00000000000000017, 2.20388988963483179, -0.04422398259804655, 0.00000000000000946, 0.00000000000000384, 0.00000000000000931, 0.00000000000000044, 0.00170656889021084, -0.03505728636208424, 0.00000000000000243, 0.00000000000000021, 0.05384172787932943, 0.00220457003501956, 0.00000000000000182, -0.00000000000000099, 0.04096773356998190, 0.01943668046351579, 0.00000000000008433, 0.00000000000001908, 1.86025364480592459, 0.09304121541714389],
			"elevator_params": {
				"min": -1,
				"max": 1,
				"initial": 0.36749821440099206
			},
			"throttle_params": {
				"min": -1,
				"max": 1,
				"initial": -0.48589201718311287
			},
			"aileron_params": {
				"min": -1,
				"max": 1,
				"initial": 0.006927637640779975
			},
			"rudder_params": {
				"min": -1,
				"max": 1,
				"initial": 0
			}
		}
	},
	"local_planner": {
		"rslqr_planner": {
			"k": [0.31053351881759456, 0.00054317295837571, -0.00095337860089174, 0.54175689590493914, 0.03166027377338265, 0.00004830345243938, -3.60107022055167381, -0.00354756994552700, -0.00023634917965950, 0.10597433626039161, -0.00354108489789156, -2.17805809061558664, 0.03286987055951157, 0.00003851500598601, -0.03976626713406447, -0.00005377517172908, 0.02112990681988497, 0.00003423507259241, 0.38865867220559380, 0.00064781048953031, -0.00061364780937238, 0.28739852484959411, 0.00001356472680596, 0.00044594771180215, -0.00029012887203020, 0.15172743876745953, 0.00025822152569785, 0.15408773770270434, 0.27052750407209741, 0.00034527835448273, -0.00186477903709575, 0.93466408300070869],
			"k_convergence": 0.005,
			"safety_velocity": 20,
			"pitch_target_params_rad": {
				"min": -0.785398163,
				"max": 0.785398163,
				"initial": 0.04183938913580468
			},
			"roll_target_params_rad": {
				"min": -0.785398163,
				"max": 0.785398163,
				"initial": 0
			}
		}
	},
	"data_handling": {
		"period": 200,
		"target": "flight_control"
	},
	"data_presentation": {
		"compress_double": true
	},
	"override_handler": {},
	"override_safety": {
		"period": 10,
		"rectanguloid": {
			"major_side_length": 150000,
			"minor_side_length": 60000,
			"major_side_orientation": 0,
			"height": 10000,
			"center": [
				0,
				0,
				1500
			]
		}
	}
}
