{
	"controller": {
		"statespace_pitch": {
			"k": [-0.06871454737721738, 1.05928808407144848, -0.18100805174626006, -0.00551909788580402, 1.92495080090258730, -0.22570497850399654, 3.81506135633220023, -1.95888290556818045, -3.09811052515902130, 0.00919508678262249, -0.02119571393378214, -3.07378827138499311],
			"elevator_trim": 0.3884,
			"throttle_trim": -0.58556,
			"reference_pitch": 3.255,
			"reference_U": 20,
			"reference_W": 1.246,
			"input_is_climb_angle": true,
			"cascade": {
				"roll": {
					"ff": 0,
					"imax": 0.3,
					"kd": 0,
					"ki": 0.1,
					"kp": 3,
					"is_angle": true
				},
				"roll_rate": {
					"ff": 0.3,
					"imax": 0.2,
					"kd": 0,
					"ki": 0.1,
					"kp": 0.1,
					"is_angle": true
				},
				"roll_constraint": {
					"min": -45,
					"max": 45
				},
				"roll_rate_constraint": {
					"min": -100,
					"max": 100
				},
				"pitch_constraint": {
					"min": -30,
					"max": 30
				},
				"pitch_integrator": {
					"min": -1,
					"max": 1
				},
				"velocity_integrator": {
					"min": -3,
					"max": 3
				}
			}
		}
	},
	"local_planner": {
		"statespace_altitude": {
			"state_space_altitude_params": {
				"k": [-0.00003033479748662, -0.00076495062914235, -0.00451818441274313, 0.03150626062488190, 0.18790422200765014, 0.00210247183204733, 0.00999060478242749],
				"safety_velocity": 55,
				"safety_altitude": 2438,
				"max_pitch_target": 30,
				"min_pitch_target": -30
			},
			"k_convergence": 0.005,
			"k_yaw_rate": 0.2,
			"yaw_rate_distance_threshold": 50.0,
			"period": 0
		}
	},
	"data_handling": {
		"period": 200,
		"target": "flight_control"
	},
	"data_presentation": {
		"compress_double": true
	},
	"override_handler": {},
	"override_safety": {
		"period": 10,
		"rectanguloid": {
			"major_side_length": 150000,
			"minor_side_length": 60000,
			"major_side_orientation": 0,
			"height": 10000,
			"center": [
				0,
				0,
				1500
			]
		}
	}
}
