{
	"controller": {
		"rslqr_controller": {
			"k": [-0.08999296531766973, 0.29969973718172843, -0.00000000000001109, -0.00000000000000179, 6.50004720531143398, 2.08822825355140829, -0.00000000000010046, -0.00000000000001295, -0.00000000000000023, 0.00000000000000002, 0.00004753619808900, -0.00316161816106853, 0.00000000000029812, -0.00000000000005084, 6.78610063909836292, 0.09012582273896003, -0.03283921748193180, 0.27714475431585706, -0.00000000000000242, -0.00000000000000198, -0.17343576774048833, 0.03004406544217750, 0.00000000000000687, -0.00000000000000035, 0.14883326881934120, -0.00577922254379074, 0.00000000000000116, 0.00000000000000002, 2.20388988963483134, -0.04422398259808649, 0.00000000000000151, 0.00000000000000012, 0.00000000000000473, 0.00000000000000079, -0.00014594622685288, -0.00064658679145359, 0.00000000000000174, 0.00000000000000017, 0.05383216021706013, 0.00189987213419984, 0.00000000000000015, 0.00000000000000114, 0.04152313080768552, 0.00295231824164318, 0.00000000000013120, 0.00000000000000535, 1.86059841899299983, 0.06229399116042426],
			"elevator_params": {
				"min": -1,
				"max": 1,
				"initial": 0.36749821440099206
			},
			"throttle_params": {
				"min": -1,
				"max": 1,
				"initial": -0.48589201718311287
			},
			"aileron_params": {
				"min": -1,
				"max": 1,
				"initial": 0.006927637640779975
			},
			"rudder_params": {
				"min": -1,
				"max": 1,
				"initial": 0
			}
		}
	},
	"local_planner": {
		"rslqr_planner": {
			"k": [0.31053333817975104, 0.00063791435299650, -0.00064622647086070, 0.31379158065801160, 0.03166024699971886, 0.00006186423943871, -3.60106775758054720, -0.00475142091404240, -0.00000779890741329, 0.00327734828035512, -0.00474426180978278, -1.54036986964450229, 0.03286984341520229, 0.00005181646567130, -0.03976624204584565, -0.00006649589876408, 0.02112989418663778, 0.00004081439575665, 0.38865844288585139, 0.00076758978509516, -0.00045548785695055, 0.19599958495493258, 0.00001365035299826, 0.00019628428844170, -0.00025967970447425, 0.11890314599351111, 0.00028221749771814, 0.11683871139880180, 0.27052732841332006, 0.00043325799832956, -0.00150289859777702, 0.67091760085858076],
			"k_convergence": 0.1,
			"safety_velocity": 20,
			"pitch_target_params_rad": {
				"min": -0.785398163,
				"max": 0.785398163,
				"initial": 0.04183938913580468
			},
			"roll_target_params_rad": {
				"min": -0.785398163,
				"max": 0.785398163,
				"initial": 0
			}
		}
	},
	"data_handling": {
		"period": 200,
		"target": "flight_control"
	},
	"data_presentation": {
		"compress_double": true
	},
	"override_handler": {},
	"override_safety": {
		"period": 10,
		"rectanguloid": {
			"major_side_length": 150000,
			"minor_side_length": 60000,
			"major_side_orientation": 0,
			"height": 10000,
			"center": [
				0,
				0,
				1500
			]
		}
	}
}
