{
	"controller": {
		"rslqr_controller": {
			"k_sched": {
				"regions": [
					{
						"setpoint": {
							"u": 1.992684e+01,
							"phi_rad": -7.006503e-01
						},
						"k": [-1.547543e-02, 9.808706e-02, -3.453961e-03, -8.034361e-03, 6.275416e+00, 1.262826e+00, 1.190780e+00, 2.480315e+00, 1.106993e-01, -5.570100e-03, 3.053853e-02, -2.925896e-01, -1.425754e+00, 4.192972e-02, 6.688631e+00, 1.992871e-01, 1.801351e-02, 1.620247e-01, -3.002806e-03, -7.631088e-03, -9.218844e-02, 1.434991e-02, -9.662363e-03, -1.873849e-02, 6.545687e-02, -2.057477e-04, 5.670465e-03, 1.492354e-02, 4.341025e+00, -2.641810e-01, 5.204323e-01, 9.059210e-01, 1.201641e-01, -7.285986e-03, 2.317736e-02, 1.109073e-03, 2.596225e-03, -1.288273e-04, 6.461011e-02, 1.681386e-03, 9.273367e-02, -5.011348e-03, 1.415055e-02, 1.636336e-01, 1.899817e-02, 4.825489e-04, 2.279608e+00, 1.504110e-01]
					}, {
						"setpoint": {
							"u": 1.995303e+01,
							"phi_rad": -3.489906e-01
						},
						"k": [-1.751696e-02, 9.805032e-02, -1.356789e-03, -3.829151e-03, 6.717369e+00, 1.282919e+00, 4.983313e-01, 1.217729e+00, 5.490220e-02, -2.075193e-03, 1.906851e-02, -3.090251e-01, -5.939613e-01, 7.012994e-03, 6.802219e+00, 3.369962e-01, 1.621352e-02, 1.620205e-01, -1.193145e-03, -3.627406e-03, -1.059661e-01, 1.439313e-02, -4.605811e-03, -1.037229e-02, 7.670977e-02, -3.015245e-04, 2.696443e-03, 8.537591e-03, 4.129305e+00, -2.198694e-01, 2.054918e-01, 4.025518e-01, 5.934529e-02, -3.132720e-03, 1.060872e-02, -1.491497e-02, 1.273817e-03, -5.390716e-05, 6.402255e-02, 1.108241e-03, 5.150872e-02, -2.520993e-03, 6.898360e-03, 1.367175e-01, 1.219368e-02, 7.616325e-05, 2.267323e+00, 1.288287e-01]
					}, {
						"setpoint": {
							"u": 1.995926e+01,
							"phi_rad": 9.181459e-06
						},
						"k": [-1.809529e-02, 9.802886e-02, -7.150332e-06, 2.500658e-04, 6.841652e+00, 1.291892e+00, 2.570824e-03, -1.929510e-02, -9.755043e-04, 6.130076e-04, 1.645520e-02, -3.140426e-01, -1.551163e-03, -6.977990e-04, 6.825007e+00, 3.756201e-01, 1.563672e-02, 1.620112e-01, -1.829822e-06, 4.581033e-04, -1.102868e-01, 1.437084e-02, -5.909507e-05, -7.715561e-05, 8.032815e-02, -3.031836e-04, 2.240226e-05, 9.636801e-05, 4.070809e+00, -2.071119e-01, -3.779032e-04, -3.359393e-02, -2.055457e-04, 4.481104e-05, 7.857581e-03, -1.950414e-02, 1.016171e-05, -3.249387e-06, 6.388885e-02, 1.036321e-03, 4.646253e-04, -2.613696e-04, 6.233178e-03, 1.273812e-01, 9.464126e-04, -3.092070e-04, 2.264914e+00, 1.251159e-01]
					}, {
						"setpoint": {
							"u": 1.995382e+01,
							"phi_rad": 3.505935e-01
						},
						"k": [-1.752534e-02, 9.802640e-02, 1.353373e-03, 4.378629e-03, 6.706438e+00, 1.290800e+00, -4.968808e-01, -1.272308e+00, -5.762747e-02, 3.285256e-03, 1.854405e-02, -3.085388e-01, 5.932278e-01, -7.980446e-03, 6.803044e+00, 3.199413e-01, 1.617422e-02, 1.620020e-01, 1.204971e-03, 4.594719e-03, -1.056110e-01, 1.430588e-02, 4.514469e-03, 1.021727e-02, 7.635287e-02, -2.278841e-04, -2.690505e-03, -8.335121e-03, 4.146152e+00, -2.175801e-01, -2.088647e-01, -4.801833e-01, -6.037017e-02, 3.212027e-03, 1.062581e-02, -1.370969e-02, -1.269290e-03, 4.707658e-05, 6.402665e-02, 1.136573e-03, -5.063695e-02, 1.946956e-03, 7.187451e-03, 1.376396e-01, -1.018864e-02, -7.313075e-04, 2.267603e+00, 1.290450e-01]
					}, {
						"setpoint": {
							"u": 1.992858e+01,
							"phi_rad": 6.981238e-01
						},
						"k": [-1.547733e-02, 9.803838e-02, 3.458051e-03, 8.613509e-03, 6.245997e+00, 1.279117e+00, -1.190354e+00, -2.548201e+00, -1.142615e-01, 6.648040e-03, 2.942096e-02, -2.912869e-01, 1.418290e+00, -4.111754e-02, 6.691198e+00, 1.580489e-01, 1.793557e-02, 1.619904e-01, 3.041192e-03, 8.642112e-03, -9.160880e-02, 1.418812e-02, 9.517698e-03, 1.829980e-02, 6.489083e-02, -7.339010e-05, -5.681860e-03, -1.447509e-02, 4.367774e+00, -2.586701e-01, -5.277817e-01, -1.004618e+00, -1.213267e-01, 7.233467e-03, 2.320099e-02, 3.898174e-03, -2.593999e-03, 1.171908e-04, 6.461418e-02, 1.746439e-03, -9.070442e-02, 4.235381e-03, 1.483607e-02, 1.654615e-01, -1.609775e-02, -1.305600e-03, 2.280079e+00, 1.506847e-01]
					}, {
						"setpoint": {
							"u": 2.496610e+01,
							"phi_rad": -6.989088e-01
						},
						"k": [-1.492181e-02, 9.803784e-02, -3.977450e-03, -9.122692e-03, 6.417348e+00, 1.255628e+00, 9.462889e-01, 2.196623e+00, 1.007229e-01, -1.157658e-02, 1.954453e-02, -2.967710e-01, -1.108788e+00, 1.311753e-01, 6.725022e+00, 9.189793e-02, -9.725052e-03, 1.711993e-01, -4.614592e-03, -9.947349e-03, -6.956572e-02, 1.449407e-02, -5.912850e-03, -1.197243e-02, 4.708710e-02, -2.381538e-03, 3.542778e-03, 8.929556e-03, 4.221895e+00, -5.037161e-01, 3.953099e-01, 7.853868e-01, 9.595982e-02, -1.193136e-02, 1.296115e-02, 7.399852e-04, 1.952735e-03, -1.443338e-04, 4.899096e-02, 1.272476e-03, 6.108590e-02, -4.804795e-03, 5.732431e-03, 1.139253e-01, 3.133120e-02, 1.585764e-03, 2.046174e+00, 8.327441e-02]
					}, {
						"setpoint": {
							"u": 2.497826e+01,
							"phi_rad": -3.505638e-01
						},
						"k": [-1.741877e-02, 9.801437e-02, -1.606030e-03, -4.472220e-03, 6.737886e+00, 1.291776e+00, 3.948730e-01, 1.081805e+00, 4.988899e-02, -5.111678e-03, 1.240486e-02, -3.099960e-01, -4.646673e-01, 4.587698e-02, 6.794265e+00, 2.136271e-01, -1.210265e-02, 1.711821e-01, -1.854041e-03, -4.840977e-03, -7.877994e-02, 1.461826e-02, -2.717196e-03, -6.538038e-03, 5.431050e-02, -2.500263e-03, 1.622797e-03, 5.031842e-03, 3.948106e+00, -4.186353e-01, 1.541264e-01, 3.572950e-01, 4.717634e-02, -5.258404e-03, 5.679736e-03, -1.118593e-02, 9.408784e-04, -6.049124e-05, 4.873590e-02, 9.472528e-04, 3.330079e-02, -2.234877e-03, 2.261075e-03, 9.913565e-02, 1.544501e-02, 8.131327e-04, 2.039531e+00, 7.252591e-02]
					}, {
						"setpoint": {
							"u": 2.498173e+01,
							"phi_rad": -1.783109e-04
						},
						"k": [-1.811229e-02, 9.800250e-02, -5.733647e-05, -3.780343e-06, 6.831087e+00, 1.302114e+00, 1.200309e-02, 9.239262e-04, 2.373798e-05, -1.446772e-06, 1.007561e-02, -3.141315e-01, -1.304719e-02, 1.847315e-03, 6.808981e+00, 2.323156e-01, -1.275510e-02, 1.711713e-01, -6.447030e-05, -4.330085e-06, -8.169432e-02, 1.464791e-02, -8.707160e-05, -4.946885e-06, 5.666291e-02, -2.532094e-03, 5.254479e-05, 3.518115e-06, 3.861725e+00, -3.951586e-01, 3.718231e-03, 2.392825e-04, 2.385840e-05, -2.555958e-06, 3.292359e-03, -1.489633e-02, 2.176521e-05, -1.470929e-06, 4.864835e-02, 7.964928e-04, 2.141997e-05, -1.604380e-06, 6.426962e-04, 9.386311e-02, 1.062192e-03, -6.725214e-05, 2.037078e+00, 6.683734e-02]
					},
					{
						"setpoint": {
							"u": 2.497877e+01,
							"phi_rad": 3.501381e-01
						},
						"k": [-1.742323e-02, 9.801509e-02, 1.542822e-03, 4.463169e-03, 6.739163e+00, 1.291581e+00, -3.807266e-01, -1.079531e+00, -4.982267e-02, 5.106845e-03, 1.211050e-02, -3.100188e-01, 4.485569e-01, -4.387928e-02, 6.795462e+00, 2.097499e-01, -1.210726e-02, 1.711832e-01, 1.782922e-03, 4.830633e-03, -7.878268e-02, 1.461881e-02, 2.650049e-03, 6.525850e-03, 5.431192e-02, -2.500539e-03, -1.590808e-03, -5.023259e-03, 3.947576e+00, -4.185930e-01, -1.488005e-01, -3.565061e-01, -4.711701e-02, 5.252083e-03, 5.406226e-03, -1.120837e-02, -9.278359e-04, 5.884399e-05, 4.872351e-02, 9.230682e-04, -3.324823e-02, 2.230995e-03, 1.930960e-03, 9.911243e-02, -1.478623e-02, -8.858127e-04, 2.039108e+00, 7.145063e-02]
					}, {
						"setpoint": {
							"u": 2.496569e+01,
							"phi_rad": 6.988937e-01
						},