{
	"connector": {
		"serial_port": "/dev/ttyUSB0",
        "correct_sim_delay": false,
		"log": true,
		"log_path": "./log.dat"
	},
	"channel_mixing": {
		"num_output_channel": 6,
		"servo": {
			"aileron_l": {
				"channel": 4,
				"reversed": true
			},
			"aileron_r": {
				"channel": 3,
				"reversed": true
			},
			"elevator_l": {
				"channel": 2,
				"reversed": false
			},
			"elevator_r": {
			},
			"flap_l": {
				"channel": 5,
				"reversed": false
			},
			"flap_r": {
			},
			"rudder": {
				"channel": 1,
				"reversed": false
			},
			"throttle": {
				"channel": 0,
				"reversed": false
			}
		}
	},
	"power_model": {
		"aerodynamic": {
			"lift_over_drag": 10.3,
			"mass": 3.92
		},
		"motor": {
			"default_efficiency": 0.84
		},
		"propeller": {
			"velocities": [
				10.209,
				10.814,
				11.448,
				12.06,
				12.677,
				13.301,
				13.909,
				14.536,
				15.139,
				15.799,
				16.389,
				16.997,
				17.645,
				18.221,
				18.834,
				19.478,
				20.089,
				20.694,
				21.27,
				21.901,
				22.533
			],
			"thrust_to_rpm_a": [
				225.62,
				227.09,
				227.13,
				228.24,
				233.49,
				240.97,
				242.91,
				250.54,
				256.57,
				264.96,
				246.44,
				258.03,
				266.89,
				272.19,
				255.53,
				264.81,
				272.76,
				250.1,
				262.1,
				261.06,
				253.44
			],
			"thrust_to_rpm_b": [
				3560.7,
				3633.7,
				3724.9,
				3809,
				3882,
				3945.2,
				4034.6,
				4116.3,
				4208.3,
				4296.9,
				4519.9,
				4597.4,
				4693.3,
				4798,
				4987.7,
				5098.7,
				5212.6,
				5377.9,
				5482.1,
				5616.2,
				5742.1
			],
			"rpm_to_torque_a": [
				0.00010193,
				0.00010393,
				0.00010699,
				0.00010943,
				0.00010974,
				0.00010885,
				0.00011035,
				0.00010989,
				0.0001099,
				0.00010962,
				0.00011733,
				0.00011664,
				0.00011722,
				0.00011814,
				0.00012598,
				0.00012746,
				0.0001297,
				0.00013912,
				0.0001402,
				0.00014236,
				0.00014414
			],
			"rpm_to_torque_b": [
				-0.31994,
				-0.33479,
				-0.35593,
				-0.37415,
				-0.38316,
				-0.38585,
				-0.40107,
				-0.40766,
				-0.41712,
				-0.42508,
				-0.47895,
				-0.48542,
				-0.49907,
				-0.51463,
				-0.57156,
				-0.59278,
				-0.61818,
				-0.68465,
				-0.70551,
				-0.73356,
				-0.75923
			]
		}
	}
}
